tahun,provinsi,jenis_kredit,nilai_miliar_rp,sumber,status
2014,Aceh,Perikanan,39.460464318,OJK SPI,real
2014,Aceh,"Pertanian, Perburuan & Kehutanan",1440.430844259,OJK SPI,real
2014,Aceh,Total,1479.891308577,OJK SPI,real
2014,Bali,Perikanan,171.256110535,OJK SPI,real
2014,Bali,"Pertanian, Perburuan & Kehutanan",1146.358852093,OJK SPI,real
2014,Bali,Total,1317.614962628,OJK SPI,real
2014,Banten,Perikanan,30.779981215,OJK SPI,real
2014,Banten,"Pertanian, Perburuan & Kehutanan",467.909456041,OJK SPI,real
2014,Banten,Total,498.689437256,OJK SPI,real
2014,Bengkulu,Perikanan,22.26834559,OJK SPI,real
2014,Bengkulu,"Pertanian, Perburuan & Kehutanan",961.5406628,OJK SPI,real
2014,Bengkulu,Total,983.8090083899999,OJK SPI,real
2014,DI Yogyakarta,Perikanan,79.438209833,OJK SPI,real
2014,DI Yogyakarta,"Pertanian, Perburuan & Kehutanan",572.773046844,OJK SPI,real
2014,DI Yogyakarta,Total,652.2112566769999,OJK SPI,real
2014,DKI Jakarta,Perikanan,3001.485880017,OJK SPI,real
2014,DKI Jakarta,"Pertanian, Perburuan & Kehutanan",92816.161934765,OJK SPI,real
2014,DKI Jakarta,Total,95817.647814782,OJK SPI,real
2014,Gorontalo,Perikanan,22.77534018,OJK SPI,real
2014,Gorontalo,"Pertanian, Perburuan & Kehutanan",602.736688578,OJK SPI,real
2014,Gorontalo,Total,625.512028758,OJK SPI,real
2014,Jambi,Perikanan,36.665809417,OJK SPI,real
2014,Jambi,"Pertanian, Perburuan & Kehutanan",4807.448368916,OJK SPI,real
2014,Jambi,Total,4844.1141783329995,OJK SPI,real
2014,Jawa Barat,Perikanan,389.824603412,OJK SPI,real
2014,Jawa Barat,"Pertanian, Perburuan & Kehutanan",5544.174960507,OJK SPI,real
2014,Jawa Barat,Total,5933.999563919,OJK SPI,real
2014,Jawa Tengah,Perikanan,812.670912499,OJK SPI,real
2014,Jawa Tengah,"Pertanian, Perburuan & Kehutanan",5281.731334853,OJK SPI,real
2014,Jawa Tengah,Total,6094.402247352,OJK SPI,real
2014,Jawa Timur,Perikanan,641.77516926,OJK SPI,real
2014,Jawa Timur,"Pertanian, Perburuan & Kehutanan",9440.035533054,OJK SPI,real
2014,Jawa Timur,Total,10081.810702314,OJK SPI,real
2014,Kalimantan Barat,Perikanan,121.603804815,OJK SPI,real
2014,Kalimantan Barat,"Pertanian, Perburuan & Kehutanan",5830.882577068,OJK SPI,real
2014,Kalimantan Barat,Total,5952.486381883,OJK SPI,real
2014,Kalimantan Selatan,Perikanan,122.517167215,OJK SPI,real
2014,Kalimantan Selatan,"Pertanian, Perburuan & Kehutanan",3708.153484877,OJK SPI,real
2014,Kalimantan Selatan,Total,3830.670652092,OJK SPI,real
2014,Kalimantan Tengah,Perikanan,20.331925622,OJK SPI,real
2014,Kalimantan Tengah,"Pertanian, Perburuan & Kehutanan",4928.144431084,OJK SPI,real
2014,Kalimantan Tengah,Total,4948.476356706,OJK SPI,real
2014,Kalimantan Timur,Perikanan,95.058852251,OJK SPI,real
2014,Kalimantan Timur,"Pertanian, Perburuan & Kehutanan",4434.322350787,OJK SPI,real
2014,Kalimantan Timur,Total,4529.3812030379995,OJK SPI,real
2014,Kepulauan Bangka Belitung,Perikanan,59.219545733,OJK SPI,real
2014,Kepulauan Bangka Belitung,"Pertanian, Perburuan & Kehutanan",223.499483967,OJK SPI,real
2014,Kepulauan Bangka Belitung,Total,282.7190297,OJK SPI,real
2014,Kepulauan Riau,Perikanan,67.913198212,OJK SPI,real
2014,Kepulauan Riau,"Pertanian, Perburuan & Kehutanan",94.289786695,OJK SPI,real
2014,Kepulauan Riau,Total,162.202984907,OJK SPI,real
2014,Lampung,Perikanan,595.051615978,OJK SPI,real
2014,Lampung,"Pertanian, Perburuan & Kehutanan",6193.92370999,OJK SPI,real
2014,Lampung,Total,6788.975325968,OJK SPI,real
2014,Maluku,Perikanan,47.376922247,OJK SPI,real
2014,Maluku,"Pertanian, Perburuan & Kehutanan",49.197772775,OJK SPI,real
2014,Maluku,Total,96.574695022,OJK SPI,real
2014,Maluku Utara,Perikanan,10.451373699,OJK SPI,real
2014,Maluku Utara,"Pertanian, Perburuan & Kehutanan",11.953424057,OJK SPI,real
2014,Maluku Utara,Total,22.404797756,OJK SPI,real
2014,Nusa Tenggara Barat,Perikanan,33.357719284,OJK SPI,real
2014,Nusa Tenggara Barat,"Pertanian, Perburuan & Kehutanan",314.993951567,OJK SPI,real
2014,Nusa Tenggara Barat,Total,348.351670851,OJK SPI,real
2014,Nusa Tenggara Timur,Perikanan,34.448099078,OJK SPI,real
2014,Nusa Tenggara Timur,"Pertanian, Perburuan & Kehutanan",176.501744435,OJK SPI,real
2014,Nusa Tenggara Timur,Total,210.94984351300002,OJK SPI,real
2014,Papua,Perikanan,46.475314052,OJK SPI,real
2014,Papua,"Pertanian, Perburuan & Kehutanan",668.465858814,OJK SPI,real
2014,Papua,Total,714.941172866,OJK SPI,real
2014,Papua Barat,Perikanan,27.062817421,OJK SPI,real
2014,Papua Barat,"Pertanian, Perburuan & Kehutanan",83.889606075,OJK SPI,real
2014,Papua Barat,Total,110.952423496,OJK SPI,real
2014,Riau,Perikanan,106.153298534,OJK SPI,real
2014,Riau,"Pertanian, Perburuan & Kehutanan",11278.940799881,OJK SPI,real
2014,Riau,Total,11385.094098415,OJK SPI,real
2014,Sulawesi Barat,Perikanan,6.072262074,OJK SPI,real
2014,Sulawesi Barat,"Pertanian, Perburuan & Kehutanan",248.39796594,OJK SPI,real
2014,Sulawesi Barat,Total,254.470228014,OJK SPI,real
2014,Sulawesi Selatan,Perikanan,245.967018373,OJK SPI,real
2014,Sulawesi Selatan,"Pertanian, Perburuan & Kehutanan",1260.530594883,OJK SPI,real
2014,Sulawesi Selatan,Total,1506.497613256,OJK SPI,real
2014,Sulawesi Tengah,Perikanan,71.206632383,OJK SPI,real
2014,Sulawesi Tengah,"Pertanian, Perburuan & Kehutanan",939.882177102,OJK SPI,real
2014,Sulawesi Tengah,Total,1011.088809485,OJK SPI,real
2014,Sulawesi Tenggara,Perikanan,47.281780026,OJK SPI,real
2014,Sulawesi Tenggara,"Pertanian, Perburuan & Kehutanan",79.952073167,OJK SPI,real
2014,Sulawesi Tenggara,Total,127.23385319299999,OJK SPI,real
2014,Sulawesi Utara,Perikanan,223.405649318,OJK SPI,real
2014,Sulawesi Utara,"Pertanian, Perburuan & Kehutanan",260.532521633,OJK SPI,real
2014,Sulawesi Utara,Total,483.93817095099996,OJK SPI,real
2014,Sumatera Barat,Perikanan,78.44177866,OJK SPI,real
2014,Sumatera Barat,"Pertanian, Perburuan & Kehutanan",4000.587367316,OJK SPI,real
2014,Sumatera Barat,Total,4079.029145976,OJK SPI,real
2014,Sumatera Selatan,Perikanan,58.934568771,OJK SPI,real
2014,Sumatera Selatan,"Pertanian, Perburuan & Kehutanan",11325.71894183,OJK SPI,real
2014,Sumatera Selatan,Total,11384.653510601,OJK SPI,real
2014,Sumatera Utara,Perikanan,331.673844884,OJK SPI,real
2014,Sumatera Utara,"Pertanian, Perburuan & Kehutanan",30083.090677691,OJK SPI,real
2014,Sumatera Utara,Total,30414.764522575002,OJK SPI,real
2015,Aceh,Perikanan,50.330810529,OJK SPI,real
2015,Aceh,"Pertanian, Perburuan & Kehutanan",2001.086503895,OJK SPI,real
2015,Aceh,Total,2051.417314424,OJK SPI,real
2015,Bali,Perikanan,249.249800187,OJK SPI,real
2015,Bali,"Pertanian, Perburuan & Kehutanan",1388.003336012,OJK SPI,real
2015,Bali,Total,1637.253136199,OJK SPI,real
2015,Banten,Perikanan,33.60592667,OJK SPI,real
2015,Banten,"Pertanian, Perburuan & Kehutanan",216.764091613,OJK SPI,real
2015,Banten,Total,250.370018283,OJK SPI,real
2015,Bengkulu,Perikanan,28.584337727,OJK SPI,real
2015,Bengkulu,"Pertanian, Perburuan & Kehutanan",1142.831432367,OJK SPI,real
2015,Bengkulu,Total,1171.415770094,OJK SPI,real
2015,DI Yogyakarta,Perikanan,85.310545899,OJK SPI,real
2015,DI Yogyakarta,"Pertanian, Perburuan & Kehutanan",554.580400249,OJK SPI,real
2015,DI Yogyakarta,Total,639.890946148,OJK SPI,real
2015,DKI Jakarta,Perikanan,3570.456761811,OJK SPI,real
2015,DKI Jakarta,"Pertanian, Perburuan & Kehutanan",123427.455956723,OJK SPI,real
2015,DKI Jakarta,Total,126997.912718534,OJK SPI,real
2015,Gorontalo,Perikanan,31.284144115,OJK SPI,real
2015,Gorontalo,"Pertanian, Perburuan & Kehutanan",610.811620605,OJK SPI,real
2015,Gorontalo,Total,642.09576472,OJK SPI,real
2015,Jambi,Perikanan,48.714802483,OJK SPI,real
2015,Jambi,"Pertanian, Perburuan & Kehutanan",5282.435753652,OJK SPI,real
2015,Jambi,Total,5331.150556135,OJK SPI,real
2015,Jawa Barat,Perikanan,480.046784793,OJK SPI,real
2015,Jawa Barat,"Pertanian, Perburuan & Kehutanan",5270.368793785,OJK SPI,real
2015,Jawa Barat,Total,5750.415578578,OJK SPI,real
2015,Jawa Tengah,Perikanan,934.474762423,OJK SPI,real
2015,Jawa Tengah,"Pertanian, Perburuan & Kehutanan",6032.958563848,OJK SPI,real
2015,Jawa Tengah,Total,6967.433326271001,OJK SPI,real
2015,Jawa Timur,Perikanan,674.103689739,OJK SPI,real
2015,Jawa Timur,"Pertanian, Perburuan & Kehutanan",9095.055554309,OJK SPI,real
2015,Jawa Timur,Total,9769.159244048,OJK SPI,real
2015,Kalimantan Barat,Perikanan,127.493697339,OJK SPI,real
2015,Kalimantan Barat,"Pertanian, Perburuan & Kehutanan",7061.921457156,OJK SPI,real
2015,Kalimantan Barat,Total,7189.415154495,OJK SPI,real
2015,Kalimantan Selatan,Perikanan,109.9969979,OJK SPI,real
2015,Kalimantan Selatan,"Pertanian, Perburuan & Kehutanan",6583.177171872,OJK SPI,real
2015,Kalimantan Selatan,Total,6693.174169772,OJK SPI,real
2015,Kalimantan Tengah,Perikanan,35.278284692,OJK SPI,real
2015,Kalimantan Tengah,"Pertanian, Perburuan & Kehutanan",3723.653759314,OJK SPI,real
2015,Kalimantan Tengah,Total,3758.932044006,OJK SPI,real
2015,Kalimantan Timur,Perikanan,108.062933019,OJK SPI,real
2015,Kalimantan Timur,"Pertanian, Perburuan & Kehutanan",3887.68780625,OJK SPI,real
2015,Kalimantan Timur,Total,3995.750739269,OJK SPI,real
2015,Kepulauan Bangka Belitung,Perikanan,81.184531868,OJK SPI,real
2015,Kepulauan Bangka Belitung,"Pertanian, Perburuan & Kehutanan",248.749427415,OJK SPI,real
2015,Kepulauan Bangka Belitung,Total,329.93395928300004,OJK SPI,real
2015,Kepulauan Riau,Perikanan,63.397632915,OJK SPI,real
2015,Kepulauan Riau,"Pertanian, Perburuan & Kehutanan",102.214968151,OJK SPI,real
2015,Kepulauan Riau,Total,165.612601066,OJK SPI,real
2015,Lampung,Perikanan,597.283230444,OJK SPI,real
2015,Lampung,"Pertanian, Perburuan & Kehutanan",7576.743254442,OJK SPI,real
2015,Lampung,Total,8174.026484886,OJK SPI,real
2015,Maluku,Perikanan,54.991196041,OJK SPI,real
2015,Maluku,"Pertanian, Perburuan & Kehutanan",65.158259106,OJK SPI,real
2015,Maluku,Total,120.149455147,OJK SPI,real
2015,Maluku Utara,Perikanan,15.943949126,OJK SPI,real
2015,Maluku Utara,"Pertanian, Perburuan & Kehutanan",15.466086157,OJK SPI,real
2015,Maluku Utara,Total,31.410035283,OJK SPI,real
2015,Nusa Tenggara Barat,Perikanan,46.069698506,OJK SPI,real
2015,Nusa Tenggara Barat,"Pertanian, Perburuan & Kehutanan",428.646510857,OJK SPI,real
2015,Nusa Tenggara Barat,Total,474.716209363,OJK SPI,real
2015,Nusa Tenggara Timur,Perikanan,51.497904148,OJK SPI,real
2015,Nusa Tenggara Timur,"Pertanian, Perburuan & Kehutanan",178.334039784,OJK SPI,real
2015,Nusa Tenggara Timur,Total,229.831943932,OJK SPI,real
2015,Papua,Perikanan,61.93962498,OJK SPI,real
2015,Papua,"Pertanian, Perburuan & Kehutanan",637.68464502,OJK SPI,real
2015,Papua,Total,699.6242699999999,OJK SPI,real
2015,Papua Barat,Perikanan,23.36173335,OJK SPI,real
2015,Papua Barat,"Pertanian, Perburuan & Kehutanan",92.155709742,OJK SPI,real
2015,Papua Barat,Total,115.517443092,OJK SPI,real
2015,Riau,Perikanan,45.69466517,OJK SPI,real
2015,Riau,"Pertanian, Perburuan & Kehutanan",12577.525629864,OJK SPI,real
2015,Riau,Total,12623.220295034,OJK SPI,real
2015,Sulawesi Barat,Perikanan,12.039114738,OJK SPI,real
2015,Sulawesi Barat,"Pertanian, Perburuan & Kehutanan",306.990664195,OJK SPI,real
2015,Sulawesi Barat,Total,319.02977893300005,OJK SPI,real
2015,Sulawesi Selatan,Perikanan,324.970387169,OJK SPI,real
2015,Sulawesi Selatan,"Pertanian, Perburuan & Kehutanan",2135.892855102,OJK SPI,real
2015,Sulawesi Selatan,Total,2460.863242271,OJK SPI,real
2015,Sulawesi Tengah,Perikanan,100.343826709,OJK SPI,real
2015,Sulawesi Tengah,"Pertanian, Perburuan & Kehutanan",1101.322033839,OJK SPI,real
2015,Sulawesi Tengah,Total,1201.665860548,OJK SPI,real
2015,Sulawesi Tenggara,Perikanan,67.67301406,OJK SPI,real
2015,Sulawesi Tenggara,"Pertanian, Perburuan & Kehutanan",132.135259359,OJK SPI,real
2015,Sulawesi Tenggara,Total,199.808273419,OJK SPI,real
2015,Sulawesi Utara,Perikanan,224.230919944,OJK SPI,real
2015,Sulawesi Utara,"Pertanian, Perburuan & Kehutanan",314.428848686,OJK SPI,real
2015,Sulawesi Utara,Total,538.6597686299999,OJK SPI,real
2015,Sumatera Barat,Perikanan,93.952717363,OJK SPI,real
2015,Sumatera Barat,"Pertanian, Perburuan & Kehutanan",3857.880671506,OJK SPI,real
2015,Sumatera Barat,Total,3951.833388869,OJK SPI,real
2015,Sumatera Selatan,Perikanan,68.849318147,OJK SPI,real
2015,Sumatera Selatan,"Pertanian, Perburuan & Kehutanan",11226.873807849,OJK SPI,real
2015,Sumatera Selatan,Total,11295.723125996,OJK SPI,real
2015,Sumatera Utara,Perikanan,342.862523148,OJK SPI,real
2015,Sumatera Utara,"Pertanian, Perburuan & Kehutanan",34650.537181271,OJK SPI,real
2015,Sumatera Utara,Total,34993.399704419,OJK SPI,real
2016,Aceh,Perikanan,64.930572544,OJK SPI,real
2016,Aceh,"Pertanian, Perburuan & Kehutanan",2268.982718146,OJK SPI,real
2016,Aceh,Total,2333.91329069,OJK SPI,real
2016,Bali,Perikanan,149.898897491,OJK SPI,real
2016,Bali,"Pertanian, Perburuan & Kehutanan",1603.333235975,OJK SPI,real
2016,Bali,Total,1753.232133466,OJK SPI,real
2016,Banten,Perikanan,40.846365394,OJK SPI,real
2016,Banten,"Pertanian, Perburuan & Kehutanan",313.708456654,OJK SPI,real
2016,Banten,Total,354.554822048,OJK SPI,real
2016,Bengkulu,Perikanan,31.730303358,OJK SPI,real
2016,Bengkulu,"Pertanian, Perburuan & Kehutanan",1238.939240787,OJK SPI,real
2016,Bengkulu,Total,1270.669544145,OJK SPI,real
2016,DI Yogyakarta,Perikanan,87.792704394,OJK SPI,real
2016,DI Yogyakarta,"Pertanian, Perburuan & Kehutanan",519.630530636,OJK SPI,real
2016,DI Yogyakarta,Total,607.42323503,OJK SPI,real
2016,DKI Jakarta,Perikanan,3843.164059351,OJK SPI,real
2016,DKI Jakarta,"Pertanian, Perburuan & Kehutanan",135437.757383822,OJK SPI,real
2016,DKI Jakarta,Total,139280.921443173,OJK SPI,real
2016,Gorontalo,Perikanan,36.823041363,OJK SPI,real
2016,Gorontalo,"Pertanian, Perburuan & Kehutanan",549.637233761,OJK SPI,real
2016,Gorontalo,Total,586.460275124,OJK SPI,real
2016,Jambi,Perikanan,56.61315626,OJK SPI,real
2016,Jambi,"Pertanian, Perburuan & Kehutanan",5638.575737962,OJK SPI,real
2016,Jambi,Total,5695.188894222,OJK SPI,real
2016,Jawa Barat,Perikanan,473.641486598,OJK SPI,real
2016,Jawa Barat,"Pertanian, Perburuan & Kehutanan",5475.136793468,OJK SPI,real
2016,Jawa Barat,Total,5948.778280066,OJK SPI,real
2016,Jawa Tengah,Perikanan,835.648877204,OJK SPI,real
2016,Jawa Tengah,"Pertanian, Perburuan & Kehutanan",6718.591746353,OJK SPI,real
2016,Jawa Tengah,Total,7554.240623557001,OJK SPI,real
2016,Jawa Timur,Perikanan,802.339375614,OJK SPI,real
2016,Jawa Timur,"Pertanian, Perburuan & Kehutanan",9870.483336405,OJK SPI,real
2016,Jawa Timur,Total,10672.822712019,OJK SPI,real
2016,Kalimantan Barat,Perikanan,129.301842311,OJK SPI,real
2016,Kalimantan Barat,"Pertanian, Perburuan & Kehutanan",11229.413466454,OJK SPI,real
2016,Kalimantan Barat,Total,11358.715308765,OJK SPI,real
2016,Kalimantan Selatan,Perikanan,129.880287375,OJK SPI,real
2016,Kalimantan Selatan,"Pertanian, Perburuan & Kehutanan",7188.639939376,OJK SPI,real
2016,Kalimantan Selatan,Total,7318.520226751,OJK SPI,real
2016,Kalimantan Tengah,Perikanan,58.651669044,OJK SPI,real
2016,Kalimantan Tengah,"Pertanian, Perburuan & Kehutanan",3761.62451612,OJK SPI,real
2016,Kalimantan Tengah,Total,3820.276185164,OJK SPI,real
2016,Kalimantan Timur,Perikanan,130.721199438,OJK SPI,real
2016,Kalimantan Timur,"Pertanian, Perburuan & Kehutanan",3425.985441088,OJK SPI,real
2016,Kalimantan Timur,Total,3556.706640526,OJK SPI,real
2016,Kepulauan Bangka Belitung,Perikanan,96.297423497,OJK SPI,real
2016,Kepulauan Bangka Belitung,"Pertanian, Perburuan & Kehutanan",370.542447744,OJK SPI,real
2016,Kepulauan Bangka Belitung,Total,466.839871241,OJK SPI,real
2016,Kepulauan Riau,Perikanan,72.48719955,OJK SPI,real
2016,Kepulauan Riau,"Pertanian, Perburuan & Kehutanan",66.826530768,OJK SPI,real
2016,Kepulauan Riau,Total,139.313730318,OJK SPI,real
2016,Lampung,Perikanan,590.165349032,OJK SPI,real
2016,Lampung,"Pertanian, Perburuan & Kehutanan",7938.923746262,OJK SPI,real
2016,Lampung,Total,8529.089095294,OJK SPI,real
2016,Maluku,Perikanan,58.481557846,OJK SPI,real
2016,Maluku,"Pertanian, Perburuan & Kehutanan",104.653440086,OJK SPI,real
2016,Maluku,Total,163.134997932,OJK SPI,real
2016,Maluku Utara,Perikanan,20.828786428,OJK SPI,real
2016,Maluku Utara,"Pertanian, Perburuan & Kehutanan",26.706451259,OJK SPI,real
2016,Maluku Utara,Total,47.535237687000006,OJK SPI,real
2016,Nusa Tenggara Barat,Perikanan,64.891808521,OJK SPI,real
2016,Nusa Tenggara Barat,"Pertanian, Perburuan & Kehutanan",667.49882476,OJK SPI,real
2016,Nusa Tenggara Barat,Total,732.3906332810001,OJK SPI,real
2016,Nusa Tenggara Timur,Perikanan,70.889814826,OJK SPI,real
2016,Nusa Tenggara Timur,"Pertanian, Perburuan & Kehutanan",250.903412807,OJK SPI,real
2016,Nusa Tenggara Timur,Total,321.793227633,OJK SPI,real
2016,Papua,Perikanan,64.641180563,OJK SPI,real
2016,Papua,"Pertanian, Perburuan & Kehutanan",637.412766873,OJK SPI,real
2016,Papua,Total,702.053947436,OJK SPI,real
2016,Papua Barat,Perikanan,36.51178131,OJK SPI,real
2016,Papua Barat,"Pertanian, Perburuan & Kehutanan",104.626392075,OJK SPI,real
2016,Papua Barat,Total,141.13817338500002,OJK SPI,real
2016,Riau,Perikanan,62.64911705,OJK SPI,real
2016,Riau,"Pertanian, Perburuan & Kehutanan",12813.769770225,OJK SPI,real
2016,Riau,Total,12876.418887275,OJK SPI,real
2016,Sulawesi Barat,Perikanan,13.718372843,OJK SPI,real
2016,Sulawesi Barat,"Pertanian, Perburuan & Kehutanan",364.193269262,OJK SPI,real
2016,Sulawesi Barat,Total,377.911642105,OJK SPI,real
2016,Sulawesi Selatan,Perikanan,426.639695303,OJK SPI,real
2016,Sulawesi Selatan,"Pertanian, Perburuan & Kehutanan",2815.310526356,OJK SPI,real
2016,Sulawesi Selatan,Total,3241.950221659,OJK SPI,real
2016,Sulawesi Tengah,Perikanan,111.088996925,OJK SPI,real
2016,Sulawesi Tengah,"Pertanian, Perburuan & Kehutanan",1233.385348116,OJK SPI,real
2016,Sulawesi Tengah,Total,1344.474345041,OJK SPI,real
2016,Sulawesi Tenggara,Perikanan,88.716423737,OJK SPI,real
2016,Sulawesi Tenggara,"Pertanian, Perburuan & Kehutanan",238.37153899,OJK SPI,real
2016,Sulawesi Tenggara,Total,327.087962727,OJK SPI,real
2016,Sulawesi Utara,Perikanan,181.670003276,OJK SPI,real
2016,Sulawesi Utara,"Pertanian, Perburuan & Kehutanan",414.490884682,OJK SPI,real
2016,Sulawesi Utara,Total,596.160887958,OJK SPI,real
2016,Sumatera Barat,Perikanan,107.482648829,OJK SPI,real
2016,Sumatera Barat,"Pertanian, Perburuan & Kehutanan",3820.265820883,OJK SPI,real
2016,Sumatera Barat,Total,3927.748469712,OJK SPI,real
2016,Sumatera Selatan,Perikanan,93.54776994,OJK SPI,real
2016,Sumatera Selatan,"Pertanian, Perburuan & Kehutanan",11626.329914598,OJK SPI,real
2016,Sumatera Selatan,Total,11719.877684538,OJK SPI,real
2016,Sumatera Utara,Perikanan,349.242732021,OJK SPI,real
2016,Sumatera Utara,"Pertanian, Perburuan & Kehutanan",39383.123179813,OJK SPI,real
2016,Sumatera Utara,Total,39732.365911834,OJK SPI,real
2017,Aceh,Perikanan,64.930572544,OJK SPI,real
2017,Aceh,"Pertanian, Perburuan & Kehutanan",2268.982718146,OJK SPI,real
2017,Aceh,Total,2333.91329069,OJK SPI,real
2017,Bali,Perikanan,149.898897491,OJK SPI,real
2017,Bali,"Pertanian, Perburuan & Kehutanan",1603.333235975,OJK SPI,real
2017,Bali,Total,1753.232133466,OJK SPI,real
2017,Banten,Perikanan,40.846365394,OJK SPI,real
2017,Banten,"Pertanian, Perburuan & Kehutanan",313.708456654,OJK SPI,real
2017,Banten,Total,354.554822048,OJK SPI,real
2017,Bengkulu,Perikanan,31.730303358,OJK SPI,real
2017,Bengkulu,"Pertanian, Perburuan & Kehutanan",1238.939240787,OJK SPI,real
2017,Bengkulu,Total,1270.669544145,OJK SPI,real
2017,DI Yogyakarta,Perikanan,87.792704394,OJK SPI,real
2017,DI Yogyakarta,"Pertanian, Perburuan & Kehutanan",519.630530636,OJK SPI,real
2017,DI Yogyakarta,Total,607.42323503,OJK SPI,real
2017,DKI Jakarta,Perikanan,3843.164059351,OJK SPI,real
2017,DKI Jakarta,"Pertanian, Perburuan & Kehutanan",135437.757383822,OJK SPI,real
2017,DKI Jakarta,Total,139280.921443173,OJK SPI,real
2017,Gorontalo,Perikanan,36.823041363,OJK SPI,real
2017,Gorontalo,"Pertanian, Perburuan & Kehutanan",549.637233761,OJK SPI,real
2017,Gorontalo,Total,586.460275124,OJK SPI,real
2017,Jambi,Perikanan,56.61315626,OJK SPI,real
2017,Jambi,"Pertanian, Perburuan & Kehutanan",5638.575737962,OJK SPI,real
2017,Jambi,Total,5695.188894222,OJK SPI,real
2017,Jawa Barat,Perikanan,473.641486598,OJK SPI,real
2017,Jawa Barat,"Pertanian, Perburuan & Kehutanan",5475.136793468,OJK SPI,real
2017,Jawa Barat,Total,5948.778280066,OJK SPI,real
2017,Jawa Tengah,Perikanan,835.648877204,OJK SPI,real
2017,Jawa Tengah,"Pertanian, Perburuan & Kehutanan",6718.591746353,OJK SPI,real
2017,Jawa Tengah,Total,7554.240623557001,OJK SPI,real
2017,Jawa Timur,Perikanan,802.339375614,OJK SPI,real
2017,Jawa Timur,"Pertanian, Perburuan & Kehutanan",9870.483336405,OJK SPI,real
2017,Jawa Timur,Total,10672.822712019,OJK SPI,real
2017,Kalimantan Barat,Perikanan,129.301842311,OJK SPI,real
2017,Kalimantan Barat,"Pertanian, Perburuan & Kehutanan",11229.413466454,OJK SPI,real
2017,Kalimantan Barat,Total,11358.715308765,OJK SPI,real
2017,Kalimantan Selatan,Perikanan,129.880287375,OJK SPI,real
2017,Kalimantan Selatan,"Pertanian, Perburuan & Kehutanan",7188.639939376,OJK SPI,real
2017,Kalimantan Selatan,Total,7318.520226751,OJK SPI,real
2017,Kalimantan Tengah,Perikanan,58.651669044,OJK SPI,real
2017,Kalimantan Tengah,"Pertanian, Perburuan & Kehutanan",3761.62451612,OJK SPI,real
2017,Kalimantan Tengah,Total,3820.276185164,OJK SPI,real
2017,Kalimantan Timur,Perikanan,130.721199438,OJK SPI,real
2017,Kalimantan Timur,"Pertanian, Perburuan & Kehutanan",3425.985441088,OJK SPI,real
2017,Kalimantan Timur,Total,3556.706640526,OJK SPI,real
2017,Kepulauan Bangka Belitung,Perikanan,96.297423497,OJK SPI,real
2017,Kepulauan Bangka Belitung,"Pertanian, Perburuan & Kehutanan",370.542447744,OJK SPI,real
2017,Kepulauan Bangka Belitung,Total,466.839871241,OJK SPI,real
2017,Kepulauan Riau,Perikanan,72.48719955,OJK SPI,real
2017,Kepulauan Riau,"Pertanian, Perburuan & Kehutanan",66.826530768,OJK SPI,real
2017,Kepulauan Riau,Total,139.313730318,OJK SPI,real
2017,Lampung,Perikanan,590.165349032,OJK SPI,real
2017,Lampung,"Pertanian, Perburuan & Kehutanan",7938.923746262,OJK SPI,real
2017,Lampung,Total,8529.089095294,OJK SPI,real
2017,Maluku,Perikanan,58.481557846,OJK SPI,real
2017,Maluku,"Pertanian, Perburuan & Kehutanan",104.653440086,OJK SPI,real
2017,Maluku,Total,163.134997932,OJK SPI,real
2017,Maluku Utara,Perikanan,20.828786428,OJK SPI,real
2017,Maluku Utara,"Pertanian, Perburuan & Kehutanan",26.706451259,OJK SPI,real
2017,Maluku Utara,Total,47.535237687000006,OJK SPI,real
2017,Nusa Tenggara Barat,Perikanan,64.891808521,OJK SPI,real
2017,Nusa Tenggara Barat,"Pertanian, Perburuan & Kehutanan",667.49882476,OJK SPI,real
2017,Nusa Tenggara Barat,Total,732.3906332810001,OJK SPI,real
2017,Nusa Tenggara Timur,Perikanan,70.889814826,OJK SPI,real
2017,Nusa Tenggara Timur,"Pertanian, Perburuan & Kehutanan",250.903412807,OJK SPI,real
2017,Nusa Tenggara Timur,Total,321.793227633,OJK SPI,real
2017,Papua,Perikanan,64.641180563,OJK SPI,real
2017,Papua,"Pertanian, Perburuan & Kehutanan",637.412766873,OJK SPI,real
2017,Papua,Total,702.053947436,OJK SPI,real
2017,Papua Barat,Perikanan,36.51178131,OJK SPI,real
2017,Papua Barat,"Pertanian, Perburuan & Kehutanan",104.626392075,OJK SPI,real
2017,Papua Barat,Total,141.13817338500002,OJK SPI,real
2017,Riau,Perikanan,62.64911705,OJK SPI,real
2017,Riau,"Pertanian, Perburuan & Kehutanan",12813.769770225,OJK SPI,real
2017,Riau,Total,12876.418887275,OJK SPI,real
2017,Sulawesi Barat,Perikanan,13.718372843,OJK SPI,real
2017,Sulawesi Barat,"Pertanian, Perburuan & Kehutanan",364.193269262,OJK SPI,real
2017,Sulawesi Barat,Total,377.911642105,OJK SPI,real
2017,Sulawesi Selatan,Perikanan,426.639695303,OJK SPI,real
2017,Sulawesi Selatan,"Pertanian, Perburuan & Kehutanan",2815.310526356,OJK SPI,real
2017,Sulawesi Selatan,Total,3241.950221659,OJK SPI,real
2017,Sulawesi Tengah,Perikanan,111.088996925,OJK SPI,real
2017,Sulawesi Tengah,"Pertanian, Perburuan & Kehutanan",1233.385348116,OJK SPI,real
2017,Sulawesi Tengah,Total,1344.474345041,OJK SPI,real
2017,Sulawesi Tenggara,Perikanan,88.716423737,OJK SPI,real
2017,Sulawesi Tenggara,"Pertanian, Perburuan & Kehutanan",238.37153899,OJK SPI,real
2017,Sulawesi Tenggara,Total,327.087962727,OJK SPI,real
2017,Sulawesi Utara,Perikanan,181.670003276,OJK SPI,real
2017,Sulawesi Utara,"Pertanian, Perburuan & Kehutanan",414.490884682,OJK SPI,real
2017,Sulawesi Utara,Total,596.160887958,OJK SPI,real
2017,Sumatera Barat,Perikanan,107.482648829,OJK SPI,real
2017,Sumatera Barat,"Pertanian, Perburuan & Kehutanan",3820.265820883,OJK SPI,real
2017,Sumatera Barat,Total,3927.748469712,OJK SPI,real
2017,Sumatera Selatan,Perikanan,93.54776994,OJK SPI,real
2017,Sumatera Selatan,"Pertanian, Perburuan & Kehutanan",11626.329914598,OJK SPI,real
2017,Sumatera Selatan,Total,11719.877684538,OJK SPI,real
2017,Sumatera Utara,Perikanan,349.242732021,OJK SPI,real
2017,Sumatera Utara,"Pertanian, Perburuan & Kehutanan",39383.123179813,OJK SPI,real
2017,Sumatera Utara,Total,39732.365911834,OJK SPI,real
2018,Aceh,Perikanan,64.930572544,OJK SPI,real
2018,Aceh,"Pertanian, Perburuan & Kehutanan",2268.982718146,OJK SPI,real
2018,Aceh,Total,2333.91329069,OJK SPI,real
2018,Bali,Perikanan,149.898897491,OJK SPI,real
2018,Bali,"Pertanian, Perburuan & Kehutanan",1603.333235975,OJK SPI,real
2018,Bali,Total,1753.232133466,OJK SPI,real
2018,Banten,Perikanan,40.846365394,OJK SPI,real
2018,Banten,"Pertanian, Perburuan & Kehutanan",313.708456654,OJK SPI,real
2018,Banten,Total,354.554822048,OJK SPI,real
2018,Bengkulu,Perikanan,31.730303358,OJK SPI,real
2018,Bengkulu,"Pertanian, Perburuan & Kehutanan",1238.939240787,OJK SPI,real
2018,Bengkulu,Total,1270.669544145,OJK SPI,real
2018,DI Yogyakarta,Perikanan,87.792704394,OJK SPI,real
2018,DI Yogyakarta,"Pertanian, Perburuan & Kehutanan",519.630530636,OJK SPI,real
2018,DI Yogyakarta,Total,607.42323503,OJK SPI,real
2018,DKI Jakarta,Perikanan,3843.164059351,OJK SPI,real
2018,DKI Jakarta,"Pertanian, Perburuan & Kehutanan",135437.757383822,OJK SPI,real
2018,DKI Jakarta,Total,139280.921443173,OJK SPI,real
2018,Gorontalo,Perikanan,36.823041363,OJK SPI,real
2018,Gorontalo,"Pertanian, Perburuan & Kehutanan",549.637233761,OJK SPI,real
2018,Gorontalo,Total,586.460275124,OJK SPI,real
2018,Jambi,Perikanan,56.61315626,OJK SPI,real
2018,Jambi,"Pertanian, Perburuan & Kehutanan",5638.575737962,OJK SPI,real
2018,Jambi,Total,5695.188894222,OJK SPI,real
2018,Jawa Barat,Perikanan,473.641486598,OJK SPI,real
2018,Jawa Barat,"Pertanian, Perburuan & Kehutanan",5475.136793468,OJK SPI,real
2018,Jawa Barat,Total,5948.778280066,OJK SPI,real
2018,Jawa Tengah,Perikanan,835.648877204,OJK SPI,real
2018,Jawa Tengah,"Pertanian, Perburuan & Kehutanan",6718.591746353,OJK SPI,real
2018,Jawa Tengah,Total,7554.240623557001,OJK SPI,real
2018,Jawa Timur,Perikanan,802.339375614,OJK SPI,real
2018,Jawa Timur,"Pertanian, Perburuan & Kehutanan",9870.483336405,OJK SPI,real
2018,Jawa Timur,Total,10672.822712019,OJK SPI,real
2018,Kalimantan Barat,Perikanan,129.301842311,OJK SPI,real
2018,Kalimantan Barat,"Pertanian, Perburuan & Kehutanan",11229.413466454,OJK SPI,real
2018,Kalimantan Barat,Total,11358.715308765,OJK SPI,real
2018,Kalimantan Selatan,Perikanan,129.880287375,OJK SPI,real
2018,Kalimantan Selatan,"Pertanian, Perburuan & Kehutanan",7188.639939376,OJK SPI,real
2018,Kalimantan Selatan,Total,7318.520226751,OJK SPI,real
2018,Kalimantan Tengah,Perikanan,58.651669044,OJK SPI,real
2018,Kalimantan Tengah,"Pertanian, Perburuan & Kehutanan",3761.62451612,OJK SPI,real
2018,Kalimantan Tengah,Total,3820.276185164,OJK SPI,real
2018,Kalimantan Timur,Perikanan,130.721199438,OJK SPI,real
2018,Kalimantan Timur,"Pertanian, Perburuan & Kehutanan",3425.985441088,OJK SPI,real
2018,Kalimantan Timur,Total,3556.706640526,OJK SPI,real
2018,Kepulauan Bangka Belitung,Perikanan,96.297423497,OJK SPI,real
2018,Kepulauan Bangka Belitung,"Pertanian, Perburuan & Kehutanan",370.542447744,OJK SPI,real
2018,Kepulauan Bangka Belitung,Total,466.839871241,OJK SPI,real
2018,Kepulauan Riau,Perikanan,72.48719955,OJK SPI,real
2018,Kepulauan Riau,"Pertanian, Perburuan & Kehutanan",66.826530768,OJK SPI,real
2018,Kepulauan Riau,Total,139.313730318,OJK SPI,real
2018,Lampung,Perikanan,590.165349032,OJK SPI,real
2018,Lampung,"Pertanian, Perburuan & Kehutanan",7938.923746262,OJK SPI,real
2018,Lampung,Total,8529.089095294,OJK SPI,real
2018,Maluku,Perikanan,58.481557846,OJK SPI,real
2018,Maluku,"Pertanian, Perburuan & Kehutanan",104.653440086,OJK SPI,real
2018,Maluku,Total,163.134997932,OJK SPI,real
2018,Maluku Utara,Perikanan,20.828786428,OJK SPI,real
2018,Maluku Utara,"Pertanian, Perburuan & Kehutanan",26.706451259,OJK SPI,real
2018,Maluku Utara,Total,47.535237687000006,OJK SPI,real
2018,Nusa Tenggara Barat,Perikanan,64.891808521,OJK SPI,real
2018,Nusa Tenggara Barat,"Pertanian, Perburuan & Kehutanan",667.49882476,OJK SPI,real
2018,Nusa Tenggara Barat,Total,732.3906332810001,OJK SPI,real
2018,Nusa Tenggara Timur,Perikanan,70.889814826,OJK SPI,real
2018,Nusa Tenggara Timur,"Pertanian, Perburuan & Kehutanan",250.903412807,OJK SPI,real
2018,Nusa Tenggara Timur,Total,321.793227633,OJK SPI,real
2018,Papua,Perikanan,64.641180563,OJK SPI,real
2018,Papua,"Pertanian, Perburuan & Kehutanan",637.412766873,OJK SPI,real
2018,Papua,Total,702.053947436,OJK SPI,real
2018,Papua Barat,Perikanan,36.51178131,OJK SPI,real
2018,Papua Barat,"Pertanian, Perburuan & Kehutanan",104.626392075,OJK SPI,real
2018,Papua Barat,Total,141.13817338500002,OJK SPI,real
2018,Riau,Perikanan,62.64911705,OJK SPI,real
2018,Riau,"Pertanian, Perburuan & Kehutanan",12813.769770225,OJK SPI,real
2018,Riau,Total,12876.418887275,OJK SPI,real
2018,Sulawesi Barat,Perikanan,13.718372843,OJK SPI,real
2018,Sulawesi Barat,"Pertanian, Perburuan & Kehutanan",364.193269262,OJK SPI,real
2018,Sulawesi Barat,Total,377.911642105,OJK SPI,real
2018,Sulawesi Selatan,Perikanan,426.639695303,OJK SPI,real
2018,Sulawesi Selatan,"Pertanian, Perburuan & Kehutanan",2815.310526356,OJK SPI,real
2018,Sulawesi Selatan,Total,3241.950221659,OJK SPI,real
2018,Sulawesi Tengah,Perikanan,111.088996925,OJK SPI,real
2018,Sulawesi Tengah,"Pertanian, Perburuan & Kehutanan",1233.385348116,OJK SPI,real
2018,Sulawesi Tengah,Total,1344.474345041,OJK SPI,real
2018,Sulawesi Tenggara,Perikanan,88.716423737,OJK SPI,real
2018,Sulawesi Tenggara,"Pertanian, Perburuan & Kehutanan",238.37153899,OJK SPI,real
2018,Sulawesi Tenggara,Total,327.087962727,OJK SPI,real
2018,Sulawesi Utara,Perikanan,181.670003276,OJK SPI,real
2018,Sulawesi Utara,"Pertanian, Perburuan & Kehutanan",414.490884682,OJK SPI,real
2018,Sulawesi Utara,Total,596.160887958,OJK SPI,real
2018,Sumatera Barat,Perikanan,107.482648829,OJK SPI,real
2018,Sumatera Barat,"Pertanian, Perburuan & Kehutanan",3820.265820883,OJK SPI,real
2018,Sumatera Barat,Total,3927.748469712,OJK SPI,real
2018,Sumatera Selatan,Perikanan,93.54776994,OJK SPI,real
2018,Sumatera Selatan,"Pertanian, Perburuan & Kehutanan",11626.329914598,OJK SPI,real
2018,Sumatera Selatan,Total,11719.877684538,OJK SPI,real
2018,Sumatera Utara,Perikanan,349.242732021,OJK SPI,real
2018,Sumatera Utara,"Pertanian, Perburuan & Kehutanan",39383.123179813,OJK SPI,real
2018,Sumatera Utara,Total,39732.365911834,OJK SPI,real
2019,Aceh,Perikanan,74.5815001,OJK SPI,real
2019,Aceh,"Pertanian, Perburuan & Kehutanan",2482.194672116,OJK SPI,real
2019,Aceh,Total,2556.7761722160003,OJK SPI,real
2019,Bali,Perikanan,203.499000028,OJK SPI,real
2019,Bali,"Pertanian, Perburuan & Kehutanan",1882.965094647,OJK SPI,real
2019,Bali,Total,2086.464094675,OJK SPI,real
2019,Banten,Perikanan,59.657345557,OJK SPI,real
2019,Banten,"Pertanian, Perburuan & Kehutanan",1008.649782649,OJK SPI,real
2019,Banten,Total,1068.307128206,OJK SPI,real
2019,Bengkulu,Perikanan,36.657732675,OJK SPI,real
2019,Bengkulu,"Pertanian, Perburuan & Kehutanan",1648.975269622,OJK SPI,real
2019,Bengkulu,Total,1685.633002297,OJK SPI,real
2019,DI Yogyakarta,Perikanan,101.819109405,OJK SPI,real
2019,DI Yogyakarta,"Pertanian, Perburuan & Kehutanan",569.57612381,OJK SPI,real
2019,DI Yogyakarta,Total,671.395233215,OJK SPI,real
2019,DKI Jakarta,Perikanan,4522.711325149,OJK SPI,real
2019,DKI Jakarta,"Pertanian, Perburuan & Kehutanan",153640.678003122,OJK SPI,real
2019,DKI Jakarta,Total,158163.389328271,OJK SPI,real
2019,Gorontalo,Perikanan,52.862610632,OJK SPI,real
2019,Gorontalo,"Pertanian, Perburuan & Kehutanan",721.942140371,OJK SPI,real
2019,Gorontalo,Total,774.8047510030001,OJK SPI,real
2019,Jambi,Perikanan,66.467567723,OJK SPI,real
2019,Jambi,"Pertanian, Perburuan & Kehutanan",5977.933601223,OJK SPI,real
2019,Jambi,Total,6044.401168945999,OJK SPI,real
2019,Jawa Barat,Perikanan,512.236549456,OJK SPI,real
2019,Jawa Barat,"Pertanian, Perburuan & Kehutanan",5836.533351676,OJK SPI,real
2019,Jawa Barat,Total,6348.769901132,OJK SPI,real
2019,Jawa Tengah,Perikanan,1020.147810571,OJK SPI,real
2019,Jawa Tengah,"Pertanian, Perburuan & Kehutanan",7643.682651456,OJK SPI,real
2019,Jawa Tengah,Total,8663.830462027,OJK SPI,real
2019,Jawa Timur,Perikanan,1158.903791749,OJK SPI,real
2019,Jawa Timur,"Pertanian, Perburuan & Kehutanan",11665.813937976,OJK SPI,real
2019,Jawa Timur,Total,12824.717729725,OJK SPI,real
2019,Kalimantan Barat,Perikanan,158.587573066,OJK SPI,real
2019,Kalimantan Barat,"Pertanian, Perburuan & Kehutanan",10846.795225659,OJK SPI,real
2019,Kalimantan Barat,Total,11005.382798725,OJK SPI,real
2019,Kalimantan Selatan,Perikanan,151.384823829,OJK SPI,real
2019,Kalimantan Selatan,"Pertanian, Perburuan & Kehutanan",10793.042151992,OJK SPI,real
2019,Kalimantan Selatan,Total,10944.426975821,OJK SPI,real
2019,Kalimantan Tengah,Perikanan,71.439338117,OJK SPI,real
2019,Kalimantan Tengah,"Pertanian, Perburuan & Kehutanan",6419.18066208,OJK SPI,real
2019,Kalimantan Tengah,Total,6490.620000197,OJK SPI,real
2019,Kalimantan Timur,Perikanan,191.409126846,OJK SPI,real
2019,Kalimantan Timur,"Pertanian, Perburuan & Kehutanan",4328.086726435,OJK SPI,real
2019,Kalimantan Timur,Total,4519.495853281,OJK SPI,real
2019,Kepulauan Bangka Belitung,Perikanan,108.500393693,OJK SPI,real
2019,Kepulauan Bangka Belitung,"Pertanian, Perburuan & Kehutanan",498.4559597,OJK SPI,real
2019,Kepulauan Bangka Belitung,Total,606.956353393,OJK SPI,real
2019,Kepulauan Riau,Perikanan,101.802614325,OJK SPI,real
2019,Kepulauan Riau,"Pertanian, Perburuan & Kehutanan",122.845047954,OJK SPI,real
2019,Kepulauan Riau,Total,224.64766227899997,OJK SPI,real
2019,Lampung,Perikanan,473.580800854,OJK SPI,real
2019,Lampung,"Pertanian, Perburuan & Kehutanan",8600.354812417,OJK SPI,real
2019,Lampung,Total,9073.935613271,OJK SPI,real
2019,Maluku,Perikanan,80.896091663,OJK SPI,real
2019,Maluku,"Pertanian, Perburuan & Kehutanan",129.792780196,OJK SPI,real
2019,Maluku,Total,210.688871859,OJK SPI,real
2019,Maluku Utara,Perikanan,22.884604447,OJK SPI,real
2019,Maluku Utara,"Pertanian, Perburuan & Kehutanan",39.520835944,OJK SPI,real
2019,Maluku Utara,Total,62.405440391,OJK SPI,real
2019,Nusa Tenggara Barat,Perikanan,95.51474193,OJK SPI,real
2019,Nusa Tenggara Barat,"Pertanian, Perburuan & Kehutanan",1077.935667216,OJK SPI,real
2019,Nusa Tenggara Barat,Total,1173.450409146,OJK SPI,real
2019,Nusa Tenggara Timur,Perikanan,95.753324875,OJK SPI,real
2019,Nusa Tenggara Timur,"Pertanian, Perburuan & Kehutanan",337.784483976,OJK SPI,real
2019,Nusa Tenggara Timur,Total,433.537808851,OJK SPI,real
2019,Papua,Perikanan,66.362156148,OJK SPI,real
2019,Papua,"Pertanian, Perburuan & Kehutanan",554.192313015,OJK SPI,real
2019,Papua,Total,620.554469163,OJK SPI,real
2019,Papua Barat,Perikanan,50.455766529,OJK SPI,real
2019,Papua Barat,"Pertanian, Perburuan & Kehutanan",133.717314944,OJK SPI,real
2019,Papua Barat,Total,184.173081473,OJK SPI,real
2019,Riau,Perikanan,75.278610277,OJK SPI,real
2019,Riau,"Pertanian, Perburuan & Kehutanan",11977.542712688,OJK SPI,real
2019,Riau,Total,12052.821322965,OJK SPI,real
2019,Sulawesi Barat,Perikanan,21.743790479,OJK SPI,real
2019,Sulawesi Barat,"Pertanian, Perburuan & Kehutanan",470.599376198,OJK SPI,real
2019,Sulawesi Barat,Total,492.343166677,OJK SPI,real
2019,Sulawesi Selatan,Perikanan,605.586095269,OJK SPI,real
2019,Sulawesi Selatan,"Pertanian, Perburuan & Kehutanan",3780.676955935,OJK SPI,real
2019,Sulawesi Selatan,Total,4386.263051204,OJK SPI,real
2019,Sulawesi Tengah,Perikanan,130.341959041,OJK SPI,real
2019,Sulawesi Tengah,"Pertanian, Perburuan & Kehutanan",1577.817786648,OJK SPI,real
2019,Sulawesi Tengah,Total,1708.159745689,OJK SPI,real
2019,Sulawesi Tenggara,Perikanan,102.41111498,OJK SPI,real
2019,Sulawesi Tenggara,"Pertanian, Perburuan & Kehutanan",444.110221641,OJK SPI,real
2019,Sulawesi Tenggara,Total,546.521336621,OJK SPI,real
2019,Sulawesi Utara,Perikanan,200.591609953,OJK SPI,real
2019,Sulawesi Utara,"Pertanian, Perburuan & Kehutanan",536.589735226,OJK SPI,real
2019,Sulawesi Utara,Total,737.181345179,OJK SPI,real
2019,Sumatera Barat,Perikanan,135.304030574,OJK SPI,real
2019,Sumatera Barat,"Pertanian, Perburuan & Kehutanan",6375.478523596,OJK SPI,real
2019,Sumatera Barat,Total,6510.7825541699995,OJK SPI,real
2019,Sumatera Selatan,Perikanan,179.30961004,OJK SPI,real
2019,Sumatera Selatan,"Pertanian, Perburuan & Kehutanan",11650.040852518,OJK SPI,real
2019,Sumatera Selatan,Total,11829.350462558,OJK SPI,real
2019,Sumatera Utara,Perikanan,344.165557531,OJK SPI,real
2019,Sumatera Utara,"Pertanian, Perburuan & Kehutanan",41102.460022272,OJK SPI,real
2019,Sumatera Utara,Total,41446.62557980299,OJK SPI,real
2020,Aceh,Perikanan,74.5815001,OJK SPI,real
2020,Aceh,"Pertanian, Perburuan & Kehutanan",2482.194672116,OJK SPI,real
2020,Aceh,Total,2556.7761722160003,OJK SPI,real
2020,Bali,Perikanan,203.499000028,OJK SPI,real
2020,Bali,"Pertanian, Perburuan & Kehutanan",1882.965094647,OJK SPI,real
2020,Bali,Total,2086.464094675,OJK SPI,real
2020,Banten,Perikanan,59.657345557,OJK SPI,real
2020,Banten,"Pertanian, Perburuan & Kehutanan",1008.649782649,OJK SPI,real
2020,Banten,Total,1068.307128206,OJK SPI,real
2020,Bengkulu,Perikanan,36.657732675,OJK SPI,real
2020,Bengkulu,"Pertanian, Perburuan & Kehutanan",1648.975269622,OJK SPI,real
2020,Bengkulu,Total,1685.633002297,OJK SPI,real
2020,DI Yogyakarta,Perikanan,101.819109405,OJK SPI,real
2020,DI Yogyakarta,"Pertanian, Perburuan & Kehutanan",569.57612381,OJK SPI,real
2020,DI Yogyakarta,Total,671.395233215,OJK SPI,real
2020,DKI Jakarta,Perikanan,4522.711325149,OJK SPI,real
2020,DKI Jakarta,"Pertanian, Perburuan & Kehutanan",153640.678003122,OJK SPI,real
2020,DKI Jakarta,Total,158163.389328271,OJK SPI,real
2020,Gorontalo,Perikanan,52.862610632,OJK SPI,real
2020,Gorontalo,"Pertanian, Perburuan & Kehutanan",721.942140371,OJK SPI,real
2020,Gorontalo,Total,774.8047510030001,OJK SPI,real
2020,Jambi,Perikanan,66.467567723,OJK SPI,real
2020,Jambi,"Pertanian, Perburuan & Kehutanan",5977.933601223,OJK SPI,real
2020,Jambi,Total,6044.401168945999,OJK SPI,real
2020,Jawa Barat,Perikanan,512.236549456,OJK SPI,real
2020,Jawa Barat,"Pertanian, Perburuan & Kehutanan",5836.533351676,OJK SPI,real
2020,Jawa Barat,Total,6348.769901132,OJK SPI,real
2020,Jawa Tengah,Perikanan,1020.147810571,OJK SPI,real
2020,Jawa Tengah,"Pertanian, Perburuan & Kehutanan",7643.682651456,OJK SPI,real
2020,Jawa Tengah,Total,8663.830462027,OJK SPI,real
2020,Jawa Timur,Perikanan,1158.903791749,OJK SPI,real
2020,Jawa Timur,"Pertanian, Perburuan & Kehutanan",11665.813937976,OJK SPI,real
2020,Jawa Timur,Total,12824.717729725,OJK SPI,real
2020,Kalimantan Barat,Perikanan,158.587573066,OJK SPI,real
2020,Kalimantan Barat,"Pertanian, Perburuan & Kehutanan",10846.795225659,OJK SPI,real
2020,Kalimantan Barat,Total,11005.382798725,OJK SPI,real
2020,Kalimantan Selatan,Perikanan,151.384823829,OJK SPI,real
2020,Kalimantan Selatan,"Pertanian, Perburuan & Kehutanan",10793.042151992,OJK SPI,real
2020,Kalimantan Selatan,Total,10944.426975821,OJK SPI,real
2020,Kalimantan Tengah,Perikanan,71.439338117,OJK SPI,real
2020,Kalimantan Tengah,"Pertanian, Perburuan & Kehutanan",6419.18066208,OJK SPI,real
2020,Kalimantan Tengah,Total,6490.620000197,OJK SPI,real
2020,Kalimantan Timur,Perikanan,191.409126846,OJK SPI,real
2020,Kalimantan Timur,"Pertanian, Perburuan & Kehutanan",4328.086726435,OJK SPI,real
2020,Kalimantan Timur,Total,4519.495853281,OJK SPI,real
2020,Kepulauan Bangka Belitung,Perikanan,108.500393693,OJK SPI,real
2020,Kepulauan Bangka Belitung,"Pertanian, Perburuan & Kehutanan",498.4559597,OJK SPI,real
2020,Kepulauan Bangka Belitung,Total,606.956353393,OJK SPI,real
2020,Kepulauan Riau,Perikanan,101.802614325,OJK SPI,real
2020,Kepulauan Riau,"Pertanian, Perburuan & Kehutanan",122.845047954,OJK SPI,real
2020,Kepulauan Riau,Total,224.64766227899997,OJK SPI,real
2020,Lampung,Perikanan,473.580800854,OJK SPI,real
2020,Lampung,"Pertanian, Perburuan & Kehutanan",8600.354812417,OJK SPI,real
2020,Lampung,Total,9073.935613271,OJK SPI,real
2020,Maluku,Perikanan,80.896091663,OJK SPI,real
2020,Maluku,"Pertanian, Perburuan & Kehutanan",129.792780196,OJK SPI,real
2020,Maluku,Total,210.688871859,OJK SPI,real
2020,Maluku Utara,Perikanan,22.884604447,OJK SPI,real
2020,Maluku Utara,"Pertanian, Perburuan & Kehutanan",39.520835944,OJK SPI,real
2020,Maluku Utara,Total,62.405440391,OJK SPI,real
2020,Nusa Tenggara Barat,Perikanan,95.51474193,OJK SPI,real
2020,Nusa Tenggara Barat,"Pertanian, Perburuan & Kehutanan",1077.935667216,OJK SPI,real
2020,Nusa Tenggara Barat,Total,1173.450409146,OJK SPI,real
2020,Nusa Tenggara Timur,Perikanan,95.753324875,OJK SPI,real
2020,Nusa Tenggara Timur,"Pertanian, Perburuan & Kehutanan",337.784483976,OJK SPI,real
2020,Nusa Tenggara Timur,Total,433.537808851,OJK SPI,real
2020,Papua,Perikanan,66.362156148,OJK SPI,real
2020,Papua,"Pertanian, Perburuan & Kehutanan",554.192313015,OJK SPI,real
2020,Papua,Total,620.554469163,OJK SPI,real
2020,Papua Barat,Perikanan,50.455766529,OJK SPI,real
2020,Papua Barat,"Pertanian, Perburuan & Kehutanan",133.717314944,OJK SPI,real
2020,Papua Barat,Total,184.173081473,OJK SPI,real
2020,Riau,Perikanan,75.278610277,OJK SPI,real
2020,Riau,"Pertanian, Perburuan & Kehutanan",11977.542712688,OJK SPI,real
2020,Riau,Total,12052.821322965,OJK SPI,real
2020,Sulawesi Barat,Perikanan,21.743790479,OJK SPI,real
2020,Sulawesi Barat,"Pertanian, Perburuan & Kehutanan",470.599376198,OJK SPI,real
2020,Sulawesi Barat,Total,492.343166677,OJK SPI,real
2020,Sulawesi Selatan,Perikanan,605.586095269,OJK SPI,real
2020,Sulawesi Selatan,"Pertanian, Perburuan & Kehutanan",3780.676955935,OJK SPI,real
2020,Sulawesi Selatan,Total,4386.263051204,OJK SPI,real
2020,Sulawesi Tengah,Perikanan,130.341959041,OJK SPI,real
2020,Sulawesi Tengah,"Pertanian, Perburuan & Kehutanan",1577.817786648,OJK SPI,real
2020,Sulawesi Tengah,Total,1708.159745689,OJK SPI,real
2020,Sulawesi Tenggara,Perikanan,102.41111498,OJK SPI,real
2020,Sulawesi Tenggara,"Pertanian, Perburuan & Kehutanan",444.110221641,OJK SPI,real
2020,Sulawesi Tenggara,Total,546.521336621,OJK SPI,real
2020,Sulawesi Utara,Perikanan,200.591609953,OJK SPI,real
2020,Sulawesi Utara,"Pertanian, Perburuan & Kehutanan",536.589735226,OJK SPI,real
2020,Sulawesi Utara,Total,737.181345179,OJK SPI,real
2020,Sumatera Barat,Perikanan,135.304030574,OJK SPI,real
2020,Sumatera Barat,"Pertanian, Perburuan & Kehutanan",6375.478523596,OJK SPI,real
2020,Sumatera Barat,Total,6510.7825541699995,OJK SPI,real
2020,Sumatera Selatan,Perikanan,179.30961004,OJK SPI,real
2020,Sumatera Selatan,"Pertanian, Perburuan & Kehutanan",11650.040852518,OJK SPI,real
2020,Sumatera Selatan,Total,11829.350462558,OJK SPI,real
2020,Sumatera Utara,Perikanan,344.165557531,OJK SPI,real
2020,Sumatera Utara,"Pertanian, Perburuan & Kehutanan",41102.460022272,OJK SPI,real
2020,Sumatera Utara,Total,41446.62557980299,OJK SPI,real
2021,Aceh,Perikanan,764.620397566,OJK SPI,real
2021,Aceh,"Pertanian, Perburuan & Kehutanan",1290.944819408,OJK SPI,real
2021,Aceh,Total,2055.565216974,OJK SPI,real
2021,Bali,Perikanan,327.889941366,OJK SPI,real
2021,Bali,"Pertanian, Perburuan & Kehutanan",3945.593721212,OJK SPI,real
2021,Bali,Total,4273.483662578,OJK SPI,real
2021,Banten,Perikanan,171.605731883,OJK SPI,real
2021,Banten,"Pertanian, Perburuan & Kehutanan",473.730836276,OJK SPI,real
2021,Banten,Total,645.336568159,OJK SPI,real
2021,Bengkulu,Perikanan,95.695533162,OJK SPI,real
2021,Bengkulu,"Pertanian, Perburuan & Kehutanan",4293.278709564,OJK SPI,real
2021,Bengkulu,Total,4388.974242726,OJK SPI,real
2021,DI Yogyakarta,Perikanan,258.354617118,OJK SPI,real
2021,DI Yogyakarta,"Pertanian, Perburuan & Kehutanan",1343.378283853,OJK SPI,real
2021,DI Yogyakarta,Total,1601.7329009710002,OJK SPI,real
2021,DKI Jakarta,Perikanan,3880.419564286,OJK SPI,real
2021,DKI Jakarta,"Pertanian, Perburuan & Kehutanan",171458.17883195,OJK SPI,real
2021,DKI Jakarta,Total,175338.59839623602,OJK SPI,real
2021,Gorontalo,Perikanan,122.695640268,OJK SPI,real
2021,Gorontalo,"Pertanian, Perburuan & Kehutanan",1010.628691574,OJK SPI,real
2021,Gorontalo,Total,1133.324331842,OJK SPI,real
2021,Jambi,Perikanan,126.553172013,OJK SPI,real
2021,Jambi,"Pertanian, Perburuan & Kehutanan",10464.005711203,OJK SPI,real
2021,Jambi,Total,10590.558883216,OJK SPI,real
2021,Jawa Barat,Perikanan,1198.089348499,OJK SPI,real
2021,Jawa Barat,"Pertanian, Perburuan & Kehutanan",10212.449445099,OJK SPI,real
2021,Jawa Barat,Total,11410.538793598,OJK SPI,real
2021,Jawa Tengah,Perikanan,2326.163266318,OJK SPI,real
2021,Jawa Tengah,"Pertanian, Perburuan & Kehutanan",15775.133556315,OJK SPI,real
2021,Jawa Tengah,Total,18101.296822633,OJK SPI,real
2021,Jawa Timur,Perikanan,2671.307919647,OJK SPI,real
2021,Jawa Timur,"Pertanian, Perburuan & Kehutanan",29324.485712882,OJK SPI,real
2021,Jawa Timur,Total,31995.793632529,OJK SPI,real
2021,Kalimantan Barat,Perikanan,396.503444674,OJK SPI,real
2021,Kalimantan Barat,"Pertanian, Perburuan & Kehutanan",12065.090457014,OJK SPI,real
2021,Kalimantan Barat,Total,12461.593901687998,OJK SPI,real
2021,Kalimantan Selatan,Perikanan,351.681303729,OJK SPI,real
2021,Kalimantan Selatan,"Pertanian, Perburuan & Kehutanan",8991.02513842,OJK SPI,real
2021,Kalimantan Selatan,Total,9342.706442149,OJK SPI,real
2021,Kalimantan Tengah,Perikanan,129.317561748,OJK SPI,real
2021,Kalimantan Tengah,"Pertanian, Perburuan & Kehutanan",8213.12108806,OJK SPI,real
2021,Kalimantan Tengah,Total,8342.438649807998,OJK SPI,real
2021,Kalimantan Timur,Perikanan,345.352835433,OJK SPI,real
2021,Kalimantan Timur,"Pertanian, Perburuan & Kehutanan",11837.147507769,OJK SPI,real
2021,Kalimantan Timur,Total,12182.500343201998,OJK SPI,real
2021,Kepulauan Bangka Belitung,Perikanan,235.685125509,OJK SPI,real
2021,Kepulauan Bangka Belitung,"Pertanian, Perburuan & Kehutanan",1382.255634026,OJK SPI,real
2021,Kepulauan Bangka Belitung,Total,1617.940759535,OJK SPI,real
2021,Kepulauan Riau,Perikanan,288.827660903,OJK SPI,real
2021,Kepulauan Riau,"Pertanian, Perburuan & Kehutanan",192.334478933,OJK SPI,real
2021,Kepulauan Riau,Total,481.162139836,OJK SPI,real
2021,Lampung,Perikanan,613.856127457,OJK SPI,real
2021,Lampung,"Pertanian, Perburuan & Kehutanan",10630.275852415,OJK SPI,real
2021,Lampung,Total,11244.131979872,OJK SPI,real
2021,Maluku,Perikanan,160.13842393,OJK SPI,real
2021,Maluku,"Pertanian, Perburuan & Kehutanan",340.500184352,OJK SPI,real
2021,Maluku,Total,500.638608282,OJK SPI,real
2021,Maluku Utara,Perikanan,79.330533438,OJK SPI,real
2021,Maluku Utara,"Pertanian, Perburuan & Kehutanan",99.137293887,OJK SPI,real
2021,Maluku Utara,Total,178.467827325,OJK SPI,real
2021,Nusa Tenggara Barat,Perikanan,194.274850176,OJK SPI,real
2021,Nusa Tenggara Barat,"Pertanian, Perburuan & Kehutanan",3689.589370678,OJK SPI,real
2021,Nusa Tenggara Barat,Total,3883.864220854,OJK SPI,real
2021,Nusa Tenggara Timur,Perikanan,259.102079283,OJK SPI,real
2021,Nusa Tenggara Timur,"Pertanian, Perburuan & Kehutanan",1304.848302807,OJK SPI,real
2021,Nusa Tenggara Timur,Total,1563.95038209,OJK SPI,real
2021,Papua,Perikanan,142.233129883,OJK SPI,real
2021,Papua,"Pertanian, Perburuan & Kehutanan",1302.276225759,OJK SPI,real
2021,Papua,Total,1444.509355642,OJK SPI,real
2021,Papua Barat,Perikanan,95.782691315,OJK SPI,real
2021,Papua Barat,"Pertanian, Perburuan & Kehutanan",673.428284091,OJK SPI,real
2021,Papua Barat,Total,769.210975406,OJK SPI,real
2021,Riau,Perikanan,155.154801589,OJK SPI,real
2021,Riau,"Pertanian, Perburuan & Kehutanan",18999.227322319,OJK SPI,real
2021,Riau,Total,19154.382123908,OJK SPI,real
2021,Sulawesi Barat,Perikanan,71.109298439,OJK SPI,real
2021,Sulawesi Barat,"Pertanian, Perburuan & Kehutanan",1364.511735529,OJK SPI,real
2021,Sulawesi Barat,Total,1435.621033968,OJK SPI,real
2021,Sulawesi Selatan,Perikanan,1200.795231601,OJK SPI,real
2021,Sulawesi Selatan,"Pertanian, Perburuan & Kehutanan",8448.632289273,OJK SPI,real
2021,Sulawesi Selatan,Total,9649.427520874,OJK SPI,real
2021,Sulawesi Tengah,Perikanan,250.325369757,OJK SPI,real
2021,Sulawesi Tengah,"Pertanian, Perburuan & Kehutanan",3133.233032387,OJK SPI,real
2021,Sulawesi Tengah,Total,3383.558402144,OJK SPI,real
2021,Sulawesi Tenggara,Perikanan,371.684394488,OJK SPI,real
2021,Sulawesi Tenggara,"Pertanian, Perburuan & Kehutanan",1669.720897701,OJK SPI,real
2021,Sulawesi Tenggara,Total,2041.405292189,OJK SPI,real
2021,Sulawesi Utara,Perikanan,299.361521526,OJK SPI,real
2021,Sulawesi Utara,"Pertanian, Perburuan & Kehutanan",973.103614073,OJK SPI,real
2021,Sulawesi Utara,Total,1272.465135599,OJK SPI,real
2021,Sumatera Barat,Perikanan,309.92031305,OJK SPI,real
2021,Sumatera Barat,"Pertanian, Perburuan & Kehutanan",9063.917295943,OJK SPI,real
2021,Sumatera Barat,Total,9373.837608993,OJK SPI,real
2021,Sumatera Selatan,Perikanan,247.048862367,OJK SPI,real
2021,Sumatera Selatan,"Pertanian, Perburuan & Kehutanan",16223.565326081,OJK SPI,real
2021,Sumatera Selatan,Total,16470.614188448,OJK SPI,real
2021,Sumatera Utara,Perikanan,547.184563918,OJK SPI,real
2021,Sumatera Utara,"Pertanian, Perburuan & Kehutanan",42569.225713503,OJK SPI,real
2021,Sumatera Utara,Total,43116.41027742101,OJK SPI,real
2022,Aceh,Perikanan,297.961585001,OJK SPI,real
2022,Aceh,"Pertanian, Perburuan & Kehutanan",1571.934075017,OJK SPI,real
2022,Aceh,Total,1869.895660018,OJK SPI,real
2022,Bali,Perikanan,312.221253014,OJK SPI,real
2022,Bali,"Pertanian, Perburuan & Kehutanan",4749.145866109,OJK SPI,real
2022,Bali,Total,5061.3671191230005,OJK SPI,real
2022,Banten,Perikanan,169.879804458,OJK SPI,real
2022,Banten,"Pertanian, Perburuan & Kehutanan",681.088513911,OJK SPI,real
2022,Banten,Total,850.9683183689999,OJK SPI,real
2022,Bengkulu,Perikanan,100.615305544,OJK SPI,real
2022,Bengkulu,"Pertanian, Perburuan & Kehutanan",5381.782263615,OJK SPI,real
2022,Bengkulu,Total,5482.397569159,OJK SPI,real
2022,DI Yogyakarta,Perikanan,284.521385478,OJK SPI,real
2022,DI Yogyakarta,"Pertanian, Perburuan & Kehutanan",2292.122740007,OJK SPI,real
2022,DI Yogyakarta,Total,2576.644125485,OJK SPI,real
2022,DKI Jakarta,Perikanan,3704.982798936,OJK SPI,real
2022,DKI Jakarta,"Pertanian, Perburuan & Kehutanan",169373.239394552,OJK SPI,real
2022,DKI Jakarta,Total,173078.22219348798,OJK SPI,real
2022,Gorontalo,Perikanan,137.763916593,OJK SPI,real
2022,Gorontalo,"Pertanian, Perburuan & Kehutanan",1208.334741651,OJK SPI,real
2022,Gorontalo,Total,1346.098658244,OJK SPI,real
2022,Jambi,Perikanan,132.999197575,OJK SPI,real
2022,Jambi,"Pertanian, Perburuan & Kehutanan",12907.02352749,OJK SPI,real
2022,Jambi,Total,13040.022725065,OJK SPI,real
2022,Jawa Barat,Perikanan,1263.397753444,OJK SPI,real
2022,Jawa Barat,"Pertanian, Perburuan & Kehutanan",13923.919911932,OJK SPI,real
2022,Jawa Barat,Total,15187.317665376,OJK SPI,real
2022,Jawa Tengah,Perikanan,2572.500869769,OJK SPI,real
2022,Jawa Tengah,"Pertanian, Perburuan & Kehutanan",21868.26530008,OJK SPI,real
2022,Jawa Tengah,Total,24440.766169848997,OJK SPI,real
2022,Jawa Timur,Perikanan,2738.289045001,OJK SPI,real
2022,Jawa Timur,"Pertanian, Perburuan & Kehutanan",35604.175945656,OJK SPI,real
2022,Jawa Timur,Total,38342.464990657005,OJK SPI,real
2022,Kalimantan Barat,Perikanan,448.339852819,OJK SPI,real
2022,Kalimantan Barat,"Pertanian, Perburuan & Kehutanan",14914.636410385,OJK SPI,real
2022,Kalimantan Barat,Total,15362.976263203998,OJK SPI,real
2022,Kalimantan Selatan,Perikanan,313.278023175,OJK SPI,real
2022,Kalimantan Selatan,"Pertanian, Perburuan & Kehutanan",9268.803226232,OJK SPI,real
2022,Kalimantan Selatan,Total,9582.081249407,OJK SPI,real
2022,Kalimantan Tengah,Perikanan,154.303574961,OJK SPI,real
2022,Kalimantan Tengah,"Pertanian, Perburuan & Kehutanan",12108.509602792,OJK SPI,real
2022,Kalimantan Tengah,Total,12262.813177753002,OJK SPI,real
2022,Kalimantan Timur,Perikanan,497.20780584,OJK SPI,real
2022,Kalimantan Timur,"Pertanian, Perburuan & Kehutanan",13154.792379944,OJK SPI,real
2022,Kalimantan Timur,Total,13652.000185784,OJK SPI,real
2022,Kepulauan Bangka Belitung,Perikanan,340.616669213,OJK SPI,real
2022,Kepulauan Bangka Belitung,"Pertanian, Perburuan & Kehutanan",1986.983255399,OJK SPI,real
2022,Kepulauan Bangka Belitung,Total,2327.599924612,OJK SPI,real
2022,Kepulauan Riau,Perikanan,334.069111862,OJK SPI,real
2022,Kepulauan Riau,"Pertanian, Perburuan & Kehutanan",330.213175027,OJK SPI,real
2022,Kepulauan Riau,Total,664.282286889,OJK SPI,real
2022,Lampung,Perikanan,660.321944389,OJK SPI,real
2022,Lampung,"Pertanian, Perburuan & Kehutanan",12229.206208807,OJK SPI,real
2022,Lampung,Total,12889.528153196,OJK SPI,real
2022,Maluku,Perikanan,175.222840007,OJK SPI,real
2022,Maluku,"Pertanian, Perburuan & Kehutanan",413.671823861,OJK SPI,real
2022,Maluku,Total,588.894663868,OJK SPI,real
2022,Maluku Utara,Perikanan,94.653881851,OJK SPI,real
2022,Maluku Utara,"Pertanian, Perburuan & Kehutanan",143.111142636,OJK SPI,real
2022,Maluku Utara,Total,237.765024487,OJK SPI,real
2022,Nusa Tenggara Barat,Perikanan,250.384485041,OJK SPI,real
2022,Nusa Tenggara Barat,"Pertanian, Perburuan & Kehutanan",4547.755741894,OJK SPI,real
2022,Nusa Tenggara Barat,Total,4798.140226934999,OJK SPI,real
2022,Nusa Tenggara Timur,Perikanan,301.40734592,OJK SPI,real
2022,Nusa Tenggara Timur,"Pertanian, Perburuan & Kehutanan",1794.018050568,OJK SPI,real
2022,Nusa Tenggara Timur,Total,2095.425396488,OJK SPI,real
2022,Papua,Perikanan,145.492761834,OJK SPI,real
2022,Papua,"Pertanian, Perburuan & Kehutanan",1592.683658989,OJK SPI,real
2022,Papua,Total,1738.176420823,OJK SPI,real
2022,Papua Barat,Perikanan,87.87008317,OJK SPI,real
2022,Papua Barat,"Pertanian, Perburuan & Kehutanan",799.227217794,OJK SPI,real
2022,Papua Barat,Total,887.097300964,OJK SPI,real
2022,Riau,Perikanan,161.611927785,OJK SPI,real
2022,Riau,"Pertanian, Perburuan & Kehutanan",22632.622312475,OJK SPI,real
2022,Riau,Total,22794.23424026,OJK SPI,real
2022,Sulawesi Barat,Perikanan,88.563365532,OJK SPI,real
2022,Sulawesi Barat,"Pertanian, Perburuan & Kehutanan",1774.315467952,OJK SPI,real
2022,Sulawesi Barat,Total,1862.878833484,OJK SPI,real
2022,Sulawesi Selatan,Perikanan,1514.352547553,OJK SPI,real
2022,Sulawesi Selatan,"Pertanian, Perburuan & Kehutanan",10880.978584301,OJK SPI,real
2022,Sulawesi Selatan,Total,12395.331131854,OJK SPI,real
2022,Sulawesi Tengah,Perikanan,456.847797596,OJK SPI,real
2022,Sulawesi Tengah,"Pertanian, Perburuan & Kehutanan",3850.49418355,OJK SPI,real
2022,Sulawesi Tengah,Total,4307.341981146,OJK SPI,real
2022,Sulawesi Tenggara,Perikanan,466.472672215,OJK SPI,real
2022,Sulawesi Tenggara,"Pertanian, Perburuan & Kehutanan",2155.177556523,OJK SPI,real
2022,Sulawesi Tenggara,Total,2621.650228738,OJK SPI,real
2022,Sulawesi Utara,Perikanan,318.225043051,OJK SPI,real
2022,Sulawesi Utara,"Pertanian, Perburuan & Kehutanan",1262.819953726,OJK SPI,real
2022,Sulawesi Utara,Total,1581.044996777,OJK SPI,real
2022,Sumatera Barat,Perikanan,335.703555853,OJK SPI,real
2022,Sumatera Barat,"Pertanian, Perburuan & Kehutanan",9954.517722365,OJK SPI,real
2022,Sumatera Barat,Total,10290.221278218,OJK SPI,real
2022,Sumatera Selatan,Perikanan,296.194074662,OJK SPI,real
2022,Sumatera Selatan,"Pertanian, Perburuan & Kehutanan",17718.442689537,OJK SPI,real
2022,Sumatera Selatan,Total,18014.636764199,OJK SPI,real
2022,Sumatera Utara,Perikanan,570.039546346,OJK SPI,real
2022,Sumatera Utara,"Pertanian, Perburuan & Kehutanan",42594.66725389,OJK SPI,real
2022,Sumatera Utara,Total,43164.706800236,OJK SPI,real
2023,Aceh,Perikanan,301.866250883,OJK SPI,real
2023,Aceh,"Pertanian, Perburuan & Kehutanan",2321.54176961,OJK SPI,real
2023,Aceh,Total,2623.4080204929996,OJK SPI,real
2023,Bali,Perikanan,311.295586709,OJK SPI,real
2023,Bali,"Pertanian, Perburuan & Kehutanan",5288.261908915,OJK SPI,real
2023,Bali,Total,5599.557495624001,OJK SPI,real
2023,Banten,Perikanan,187.758245384,OJK SPI,real
2023,Banten,"Pertanian, Perburuan & Kehutanan",735.781212604,OJK SPI,real
2023,Banten,Total,923.539457988,OJK SPI,real
2023,Bengkulu,Perikanan,100.142501828,OJK SPI,real
2023,Bengkulu,"Pertanian, Perburuan & Kehutanan",5935.771112568,OJK SPI,real
2023,Bengkulu,Total,6035.9136143959995,OJK SPI,real
2023,DI Yogyakarta,Perikanan,297.080342658,OJK SPI,real
2023,DI Yogyakarta,"Pertanian, Perburuan & Kehutanan",2613.22420487,OJK SPI,real
2023,DI Yogyakarta,Total,2910.304547528,OJK SPI,real
2023,DKI Jakarta,Perikanan,3206.561666498,OJK SPI,real
2023,DKI Jakarta,"Pertanian, Perburuan & Kehutanan",175179.993935111,OJK SPI,real
2023,DKI Jakarta,Total,178386.555601609,OJK SPI,real
2023,Gorontalo,Perikanan,136.744124826,OJK SPI,real
2023,Gorontalo,"Pertanian, Perburuan & Kehutanan",1091.991945122,OJK SPI,real
2023,Gorontalo,Total,1228.736069948,OJK SPI,real
2023,Jambi,Perikanan,136.948176049,OJK SPI,real
2023,Jambi,"Pertanian, Perburuan & Kehutanan",13225.852236319,OJK SPI,real
2023,Jambi,Total,13362.800412368,OJK SPI,real
2023,Jawa Barat,Perikanan,1279.440653437,OJK SPI,real
2023,Jawa Barat,"Pertanian, Perburuan & Kehutanan",13876.294292711,OJK SPI,real
2023,Jawa Barat,Total,15155.734946148,OJK SPI,real
2023,Jawa Tengah,Perikanan,2722.582123885,OJK SPI,real
2023,Jawa Tengah,"Pertanian, Perburuan & Kehutanan",24481.195160717,OJK SPI,real
2023,Jawa Tengah,Total,27203.777284602,OJK SPI,real
2023,Jawa Timur,Perikanan,2900.048812092,OJK SPI,real
2023,Jawa Timur,"Pertanian, Perburuan & Kehutanan",38294.390530751,OJK SPI,real
2023,Jawa Timur,Total,41194.439342843,OJK SPI,real
2023,Kalimantan Barat,Perikanan,490.747587237,OJK SPI,real
2023,Kalimantan Barat,"Pertanian, Perburuan & Kehutanan",18559.641359837,OJK SPI,real
2023,Kalimantan Barat,Total,19050.388947074003,OJK SPI,real
2023,Kalimantan Selatan,Perikanan,340.737630014,OJK SPI,real
2023,Kalimantan Selatan,"Pertanian, Perburuan & Kehutanan",10963.443267741,OJK SPI,real
2023,Kalimantan Selatan,Total,11304.180897755,OJK SPI,real
2023,Kalimantan Tengah,Perikanan,167.952862488,OJK SPI,real
2023,Kalimantan Tengah,"Pertanian, Perburuan & Kehutanan",13830.410490634,OJK SPI,real
2023,Kalimantan Tengah,Total,13998.363353122,OJK SPI,real
2023,Kalimantan Timur,Perikanan,626.273236469,OJK SPI,real
2023,Kalimantan Timur,"Pertanian, Perburuan & Kehutanan",13941.085280813,OJK SPI,real
2023,Kalimantan Timur,Total,14567.358517282,OJK SPI,real
2023,Kepulauan Bangka Belitung,Perikanan,417.13649319,OJK SPI,real
2023,Kepulauan Bangka Belitung,"Pertanian, Perburuan & Kehutanan",2206.437840422,OJK SPI,real
2023,Kepulauan Bangka Belitung,Total,2623.5743336120004,OJK SPI,real
2023,Kepulauan Riau,Perikanan,378.000785009,OJK SPI,real
2023,Kepulauan Riau,"Pertanian, Perburuan & Kehutanan",390.218703589,OJK SPI,real
2023,Kepulauan Riau,Total,768.219488598,OJK SPI,real
2023,Lampung,Perikanan,632.344308676,OJK SPI,real
2023,Lampung,"Pertanian, Perburuan & Kehutanan",10374.958522388,OJK SPI,real
2023,Lampung,Total,11007.302831064,OJK SPI,real
2023,Maluku,Perikanan,219.558401682,OJK SPI,real
2023,Maluku,"Pertanian, Perburuan & Kehutanan",438.334428198,OJK SPI,real
2023,Maluku,Total,657.89282988,OJK SPI,real
2023,Maluku Utara,Perikanan,107.606279568,OJK SPI,real
2023,Maluku Utara,"Pertanian, Perburuan & Kehutanan",130.691637404,OJK SPI,real
2023,Maluku Utara,Total,238.297916972,OJK SPI,real
2023,Nusa Tenggara Barat,Perikanan,273.786065981,OJK SPI,real
2023,Nusa Tenggara Barat,"Pertanian, Perburuan & Kehutanan",5363.305532686,OJK SPI,real
2023,Nusa Tenggara Barat,Total,5637.091598667001,OJK SPI,real
2023,Nusa Tenggara Timur,Perikanan,353.063139679,OJK SPI,real
2023,Nusa Tenggara Timur,"Pertanian, Perburuan & Kehutanan",2091.322702483,OJK SPI,real
2023,Nusa Tenggara Timur,Total,2444.385842162,OJK SPI,real
2023,Papua,Perikanan,141.908201212,OJK SPI,real
2023,Papua,"Pertanian, Perburuan & Kehutanan",3165.904753229,OJK SPI,real
2023,Papua,Total,3307.8129544410003,OJK SPI,real
2023,Papua Barat,Perikanan,107.696147067,OJK SPI,real
2023,Papua Barat,"Pertanian, Perburuan & Kehutanan",823.223339418,OJK SPI,real
2023,Papua Barat,Total,930.919486485,OJK SPI,real
2023,Riau,Perikanan,159.16632225,OJK SPI,real
2023,Riau,"Pertanian, Perburuan & Kehutanan",25021.560815942,OJK SPI,real
2023,Riau,Total,25180.727138192,OJK SPI,real
2023,Sulawesi Barat,Perikanan,101.953076977,OJK SPI,real
2023,Sulawesi Barat,"Pertanian, Perburuan & Kehutanan",2085.083539493,OJK SPI,real
2023,Sulawesi Barat,Total,2187.03661647,OJK SPI,real
2023,Sulawesi Selatan,Perikanan,1995.036664317,OJK SPI,real
2023,Sulawesi Selatan,"Pertanian, Perburuan & Kehutanan",12762.610130506,OJK SPI,real
2023,Sulawesi Selatan,Total,14757.646794823,OJK SPI,real
2023,Sulawesi Tengah,Perikanan,566.893723907,OJK SPI,real
2023,Sulawesi Tengah,"Pertanian, Perburuan & Kehutanan",4405.128918218,OJK SPI,real
2023,Sulawesi Tengah,Total,4972.022642125,OJK SPI,real
2023,Sulawesi Tenggara,Perikanan,537.412451816,OJK SPI,real
2023,Sulawesi Tenggara,"Pertanian, Perburuan & Kehutanan",2795.490229509,OJK SPI,real
2023,Sulawesi Tenggara,Total,3332.902681325,OJK SPI,real
2023,Sulawesi Utara,Perikanan,353.382176174,OJK SPI,real
2023,Sulawesi Utara,"Pertanian, Perburuan & Kehutanan",1450.448377231,OJK SPI,real
2023,Sulawesi Utara,Total,1803.830553405,OJK SPI,real
2023,Sumatera Barat,Perikanan,340.108081479,OJK SPI,real
2023,Sumatera Barat,"Pertanian, Perburuan & Kehutanan",11381.214147795,OJK SPI,real
2023,Sumatera Barat,Total,11721.322229274,OJK SPI,real
2023,Sumatera Selatan,Perikanan,312.744147763,OJK SPI,real
2023,Sumatera Selatan,"Pertanian, Perburuan & Kehutanan",20090.573335551,OJK SPI,real
2023,Sumatera Selatan,Total,20403.317483314,OJK SPI,real
2023,Sumatera Utara,Perikanan,592.659836848,OJK SPI,real
2023,Sumatera Utara,"Pertanian, Perburuan & Kehutanan",50170.254584275,OJK SPI,real
2023,Sumatera Utara,Total,50762.914421122994,OJK SPI,real
2024,Aceh,Perikanan,304.40995511,OJK SPI,real
2024,Aceh,"Pertanian, Perburuan & Kehutanan",3444.086758333,OJK SPI,real
2024,Aceh,Total,3748.496713443,OJK SPI,real
2024,Bali,Perikanan,310.554392049,OJK SPI,real
2024,Bali,"Pertanian, Perburuan & Kehutanan",5719.207340273,OJK SPI,real
2024,Bali,Total,6029.761732322,OJK SPI,real
2024,Banten,Perikanan,176.656682013,OJK SPI,real
2024,Banten,"Pertanian, Perburuan & Kehutanan",847.968022055,OJK SPI,real
2024,Banten,Total,1024.624704068,OJK SPI,real
2024,Bengkulu,Perikanan,90.375707406,OJK SPI,real
2024,Bengkulu,"Pertanian, Perburuan & Kehutanan",6299.187358636,OJK SPI,real
2024,Bengkulu,Total,6389.563066042,OJK SPI,real
2024,DI Yogyakarta,Perikanan,277.663862726,OJK SPI,real
2024,DI Yogyakarta,"Pertanian, Perburuan & Kehutanan",2728.413595883,OJK SPI,real
2024,DI Yogyakarta,Total,3006.077458609,OJK SPI,real
2024,DKI Jakarta,Perikanan,2320.555765257,OJK SPI,real
2024,DKI Jakarta,"Pertanian, Perburuan & Kehutanan",177057.745296609,OJK SPI,real
2024,DKI Jakarta,Total,179378.30106186602,OJK SPI,real
2024,Gorontalo,Perikanan,114.113160199,OJK SPI,real
2024,Gorontalo,"Pertanian, Perburuan & Kehutanan",653.489196278,OJK SPI,real
2024,Gorontalo,Total,767.6023564770001,OJK SPI,real
2024,Jambi,Perikanan,127.832168346,OJK SPI,real
2024,Jambi,"Pertanian, Perburuan & Kehutanan",15228.611370339,OJK SPI,real
2024,Jambi,Total,15356.443538685,OJK SPI,real
2024,Jawa Barat,Perikanan,1353.243579572,OJK SPI,real
2024,Jawa Barat,"Pertanian, Perburuan & Kehutanan",15695.390156176,OJK SPI,real
2024,Jawa Barat,Total,17048.633735748,OJK SPI,real
2024,Jawa Tengah,Perikanan,2756.076751359,OJK SPI,real
2024,Jawa Tengah,"Pertanian, Perburuan & Kehutanan",25193.430496736,OJK SPI,real
2024,Jawa Tengah,Total,27949.507248095,OJK SPI,real
2024,Jawa Timur,Perikanan,2745.718136315,OJK SPI,real
2024,Jawa Timur,"Pertanian, Perburuan & Kehutanan",40533.456115961,OJK SPI,real
2024,Jawa Timur,Total,43279.174252276,OJK SPI,real
2024,Kalimantan Barat,Perikanan,458.319781417,OJK SPI,real
2024,Kalimantan Barat,"Pertanian, Perburuan & Kehutanan",20161.901914525,OJK SPI,real
2024,Kalimantan Barat,Total,20620.221695942,OJK SPI,real
2024,Kalimantan Selatan,Perikanan,330.744701073,OJK SPI,real
2024,Kalimantan Selatan,"Pertanian, Perburuan & Kehutanan",10429.442713598,OJK SPI,real
2024,Kalimantan Selatan,Total,10760.187414671,OJK SPI,real
2024,Kalimantan Tengah,Perikanan,154.781228889,OJK SPI,real
2024,Kalimantan Tengah,"Pertanian, Perburuan & Kehutanan",14529.913338317,OJK SPI,real
2024,Kalimantan Tengah,Total,14684.694567206,OJK SPI,real
2024,Kalimantan Timur,Perikanan,599.569029434,OJK SPI,real
2024,Kalimantan Timur,"Pertanian, Perburuan & Kehutanan",16049.668741374,OJK SPI,real
2024,Kalimantan Timur,Total,16649.237770808,OJK SPI,real
2024,Kepulauan Bangka Belitung,Perikanan,417.97839911,OJK SPI,real
2024,Kepulauan Bangka Belitung,"Pertanian, Perburuan & Kehutanan",2470.175322669,OJK SPI,real
2024,Kepulauan Bangka Belitung,Total,2888.1537217789996,OJK SPI,real
2024,Kepulauan Riau,Perikanan,407.099526329,OJK SPI,real
2024,Kepulauan Riau,"Pertanian, Perburuan & Kehutanan",304.397071392,OJK SPI,real
2024,Kepulauan Riau,Total,711.496597721,OJK SPI,real
2024,Lampung,Perikanan,595.834284696,OJK SPI,real
2024,Lampung,"Pertanian, Perburuan & Kehutanan",11195.41939724,OJK SPI,real
2024,Lampung,Total,11791.253681936,OJK SPI,real
2024,Maluku,Perikanan,222.466138949,OJK SPI,real
2024,Maluku,"Pertanian, Perburuan & Kehutanan",442.812965499,OJK SPI,real
2024,Maluku,Total,665.279104448,OJK SPI,real
2024,Maluku Utara,Perikanan,100.305953673,OJK SPI,real
2024,Maluku Utara,"Pertanian, Perburuan & Kehutanan",134.251232093,OJK SPI,real
2024,Maluku Utara,Total,234.557185766,OJK SPI,real
2024,Nusa Tenggara Barat,Perikanan,280.434101938,OJK SPI,real
2024,Nusa Tenggara Barat,"Pertanian, Perburuan & Kehutanan",5801.606594672,OJK SPI,real
2024,Nusa Tenggara Barat,Total,6082.04069661,OJK SPI,real
2024,Nusa Tenggara Timur,Perikanan,340.132891724,OJK SPI,real
2024,Nusa Tenggara Timur,"Pertanian, Perburuan & Kehutanan",2177.057898747,OJK SPI,real
2024,Nusa Tenggara Timur,Total,2517.1907904709997,OJK SPI,real
2024,Papua,Perikanan,124.418043901,OJK SPI,real
2024,Papua,"Pertanian, Perburuan & Kehutanan",3103.723337695,OJK SPI,real
2024,Papua,Total,3228.141381596,OJK SPI,real
2024,Papua Barat,Perikanan,111.01659204,OJK SPI,real
2024,Papua Barat,"Pertanian, Perburuan & Kehutanan",821.953385363,OJK SPI,real
2024,Papua Barat,Total,932.969977403,OJK SPI,real
2024,Riau,Perikanan,154.468454381,OJK SPI,real
2024,Riau,"Pertanian, Perburuan & Kehutanan",25858.005316611,OJK SPI,real
2024,Riau,Total,26012.473770992,OJK SPI,real
2024,Sulawesi Barat,Perikanan,102.950048352,OJK SPI,real
2024,Sulawesi Barat,"Pertanian, Perburuan & Kehutanan",2226.745413402,OJK SPI,real
2024,Sulawesi Barat,Total,2329.695461754,OJK SPI,real
2024,Sulawesi Selatan,Perikanan,2083.422366029,OJK SPI,real
2024,Sulawesi Selatan,"Pertanian, Perburuan & Kehutanan",14055.864692224,OJK SPI,real
2024,Sulawesi Selatan,Total,16139.287058253,OJK SPI,real
2024,Sulawesi Tengah,Perikanan,589.368109336,OJK SPI,real
2024,Sulawesi Tengah,"Pertanian, Perburuan & Kehutanan",4861.87889132,OJK SPI,real
2024,Sulawesi Tengah,Total,5451.247000656,OJK SPI,real
2024,Sulawesi Tenggara,Perikanan,562.906345199,OJK SPI,real
2024,Sulawesi Tenggara,"Pertanian, Perburuan & Kehutanan",3433.518415851,OJK SPI,real
2024,Sulawesi Tenggara,Total,3996.42476105,OJK SPI,real
2024,Sulawesi Utara,Perikanan,340.908524305,OJK SPI,real
2024,Sulawesi Utara,"Pertanian, Perburuan & Kehutanan",1585.439085218,OJK SPI,real
2024,Sulawesi Utara,Total,1926.347609523,OJK SPI,real
2024,Sumatera Barat,Perikanan,320.257196893,OJK SPI,real
2024,Sumatera Barat,"Pertanian, Perburuan & Kehutanan",11863.712430359,OJK SPI,real
2024,Sumatera Barat,Total,12183.969627252,OJK SPI,real
2024,Sumatera Selatan,Perikanan,290.965107873,OJK SPI,real
2024,Sumatera Selatan,"Pertanian, Perburuan & Kehutanan",21308.665862676,OJK SPI,real
2024,Sumatera Selatan,Total,21599.630970549,OJK SPI,real
2024,Sumatera Utara,Perikanan,603.229794145,OJK SPI,real
2024,Sumatera Utara,"Pertanian, Perburuan & Kehutanan",54920.918481093,OJK SPI,real
2024,Sumatera Utara,Total,55524.148275238,OJK SPI,real
